condition,subject,trial,phase,cycle_phase,target_angle,cursor_vis,endpoint_vis,clamp,rot,instruct_phase,instruct_state
condition_1,0,1,baseline_no_fb,1,0,0.0,0.0,0.0,0.46113475551769345,"Please slice through the target as quickly and accurately as possible.
You will not see the cursor during this phase.",1.0
condition_1,0,2,baseline_no_fb,1,270,0.0,0.0,0.0,1.9135162748545536,,1.0
condition_1,0,3,baseline_no_fb,1,315,0.0,0.0,0.0,0.5628433816279086,,1.0
condition_1,0,4,baseline_no_fb,1,225,0.0,0.0,0.0,1.3528228682699845,,1.0
condition_1,0,5,baseline_no_fb,1,135,0.0,0.0,0.0,1.172449703817614,,1.0
condition_1,0,6,baseline_no_fb,1,105,0.0,0.0,0.0,0.5791555434645849,,1.0
condition_1,0,7,baseline_no_fb,1,90,0.0,0.0,0.0,1.3795657993114918,,1.0
condition_1,0,8,baseline_no_fb,1,120,0.0,0.0,0.0,0.3289021652380011,,1.0
condition_1,0,9,baseline_no_fb,1,45,0.0,0.0,0.0,-1.5202603458243849,,1.0
condition_1,0,10,baseline_no_fb,1,150,0.0,0.0,0.0,-0.9855970193016028,,1.0
condition_1,0,11,baseline_no_fb,1,165,0.0,0.0,0.0,-2.016199587718495,,1.0
condition_1,0,12,baseline_no_fb,1,180,0.0,0.0,0.0,1.6097209482559918,,1.0
condition_1,0,13,baseline_no_fb,2,270,0.0,0.0,0.0,0.8243970888821288,,1.0
condition_1,0,14,baseline_no_fb,2,90,0.0,0.0,0.0,-0.8836387431232751,,1.0
condition_1,0,15,baseline_no_fb,2,0,0.0,0.0,0.0,0.5323714130268205,,1.0
condition_1,0,16,baseline_no_fb,2,165,0.0,0.0,0.0,-0.5381890830207496,,1.0
condition_1,0,17,baseline_no_fb,2,150,0.0,0.0,0.0,-0.19944225278176145,,1.0
condition_1,0,18,baseline_no_fb,2,135,0.0,0.0,0.0,-2.38519586990009,,1.0
condition_1,0,19,baseline_no_fb,2,105,0.0,0.0,0.0,0.8161470192357967,,1.0
condition_1,0,20,baseline_no_fb,2,180,0.0,0.0,0.0,-0.037290317406178525,,1.0
condition_1,0,21,baseline_no_fb,2,315,0.0,0.0,0.0,-0.6119012618297541,,1.0
condition_1,0,22,baseline_no_fb,2,120,0.0,0.0,0.0,0.0791955718852835,,1.0
condition_1,0,23,baseline_no_fb,2,225,0.0,0.0,0.0,2.5860313593121447,,1.0
condition_1,0,24,baseline_no_fb,2,45,0.0,0.0,0.0,-0.997225181583051,,1.0
condition_1,0,25,baseline_no_fb,3,150,0.0,0.0,0.0,0.07745815108442984,,1.0
condition_1,0,26,baseline_no_fb,3,165,0.0,0.0,0.0,-1.6411157792875015,,1.0
condition_1,0,27,baseline_no_fb,3,315,0.0,0.0,0.0,0.08964380633980348,,1.0
condition_1,0,28,baseline_no_fb,3,180,0.0,0.0,0.0,2.7797823941253337,,1.0
condition_1,0,29,baseline_no_fb,3,270,0.0,0.0,0.0,-1.629392528897217,,1.0
condition_1,0,30,baseline_no_fb,3,45,0.0,0.0,0.0,-0.3794198914674138,,1.0
condition_1,0,31,baseline_no_fb,3,0,0.0,0.0,0.0,1.3982996910206384,,1.0
condition_1,0,32,baseline_no_fb,3,225,0.0,0.0,0.0,1.82462989959734,,1.0
condition_1,0,33,baseline_no_fb,3,120,0.0,0.0,0.0,-0.14219101908729406,,1.0
condition_1,0,34,baseline_no_fb,3,135,0.0,0.0,0.0,-0.6638532987613941,,1.0
condition_1,0,35,baseline_no_fb,3,105,0.0,0.0,0.0,-0.0903307391039409,,1.0
condition_1,0,36,baseline_no_fb,3,90,0.0,0.0,0.0,1.451611027342913,,1.0
condition_1,0,37,baseline_no_fb,4,165,0.0,0.0,0.0,-0.21143038123761593,,1.0
condition_1,0,38,baseline_no_fb,4,105,0.0,0.0,0.0,0.7542811420517604,,1.0
condition_1,0,39,baseline_no_fb,4,315,0.0,0.0,0.0,0.608649677429846,,1.0
condition_1,0,40,baseline_no_fb,4,0,0.0,0.0,0.0,0.309094363030322,,1.0
condition_1,0,41,baseline_no_fb,4,120,0.0,0.0,0.0,-0.9931108287562147,,1.0
condition_1,0,42,baseline_no_fb,4,135,0.0,0.0,0.0,1.600435337461621,,1.0
condition_1,0,43,baseline_no_fb,4,180,0.0,0.0,0.0,0.74456173814539,,1.0
condition_1,0,44,baseline_no_fb,4,270,0.0,0.0,0.0,-0.13929958972692327,,1.0
condition_1,0,45,baseline_no_fb,4,150,0.0,0.0,0.0,-2.7273443714608074,,1.0
condition_1,0,46,baseline_no_fb,4,225,0.0,0.0,0.0,-1.311245169696119,,1.0
condition_1,0,47,baseline_no_fb,4,45,0.0,0.0,0.0,-1.2035638724983495,,1.0
condition_1,0,48,baseline_no_fb,4,90,0.0,0.0,0.0,-0.4075040761161382,,1.0
condition_1,0,49,baseline_no_fb,5,270,0.0,0.0,0.0,0.890643439017493,,1.0
condition_1,0,50,baseline_no_fb,5,225,0.0,0.0,0.0,-1.0605008141956593,,1.0
condition_1,0,51,baseline_no_fb,5,45,0.0,0.0,0.0,-0.6101676913938301,,1.0
condition_1,0,52,baseline_no_fb,5,180,0.0,0.0,0.0,-0.2819511378102289,,1.0
condition_1,0,53,baseline_no_fb,5,150,0.0,0.0,0.0,0.02009571551755588,,1.0
condition_1,0,54,baseline_no_fb,5,315,0.0,0.0,0.0,-0.9282603340727624,,1.0
condition_1,0,55,baseline_no_fb,5,0,0.0,0.0,0.0,-0.39568901977095855,,1.0
condition_1,0,56,baseline_no_fb,5,165,0.0,0.0,0.0,-0.6698848585335448,,1.0
condition_1,0,57,baseline_no_fb,5,135,0.0,0.0,0.0,0.3104661543219489,,1.0
condition_1,0,58,baseline_no_fb,5,120,0.0,0.0,0.0,-1.1833599540635926,,1.0
condition_1,0,59,baseline_no_fb,5,90,0.0,0.0,0.0,0.4948030951834578,,1.0
condition_1,0,60,baseline_no_fb,5,105,0.0,0.0,0.0,1.1527063000919266,,1.0
condition_1,0,61,baseline_continuous_fb,1,105,1.0,1.0,0.0,-0.8003975054183827,"You will now only see the cursor throughout your entire reach.
Please continue to slice through the target as quickly and accurately as possible.",1.0
condition_1,0,62,baseline_continuous_fb,1,315,1.0,1.0,0.0,-0.37356526425662734,,1.0
condition_1,0,63,baseline_continuous_fb,1,150,1.0,1.0,0.0,-1.0026674122389223,,1.0
condition_1,0,64,baseline_continuous_fb,1,270,1.0,1.0,0.0,1.5760269039295836,,1.0
condition_1,0,65,baseline_continuous_fb,1,90,1.0,1.0,0.0,-0.5620309507496308,,1.0
condition_1,0,66,baseline_continuous_fb,1,225,1.0,1.0,0.0,-1.4973312598883088,,1.0
condition_1,0,67,baseline_continuous_fb,1,120,1.0,1.0,0.0,1.157852941168018,,1.0
condition_1,0,68,baseline_continuous_fb,1,135,1.0,1.0,0.0,-0.09464452716443703,,1.0
condition_1,0,69,baseline_continuous_fb,1,165,1.0,1.0,0.0,-0.56446870044762,,1.0
condition_1,0,70,baseline_continuous_fb,1,45,1.0,1.0,0.0,-1.1750484604251161,,1.0
condition_1,0,71,baseline_continuous_fb,1,0,1.0,1.0,0.0,-1.2115647868347432,,1.0
condition_1,0,72,baseline_continuous_fb,1,180,1.0,1.0,0.0,1.6639459830762289,,1.0
condition_1,0,73,baseline_continuous_fb,2,45,1.0,1.0,0.0,-0.43687419784046505,,1.0
condition_1,0,74,baseline_continuous_fb,2,90,1.0,1.0,0.0,-0.16481265320873026,,1.0
condition_1,0,75,baseline_continuous_fb,2,0,1.0,1.0,0.0,1.8184034729372476,,1.0
condition_1,0,76,baseline_continuous_fb,2,180,1.0,1.0,0.0,-1.4660152612346047,,1.0
condition_1,0,77,baseline_continuous_fb,2,105,1.0,1.0,0.0,-0.5196512831201144,,1.0
condition_1,0,78,baseline_continuous_fb,2,135,1.0,1.0,0.0,2.100926532181564,,1.0
condition_1,0,79,baseline_continuous_fb,2,225,1.0,1.0,0.0,-0.5740647796913456,,1.0
condition_1,0,80,baseline_continuous_fb,2,165,1.0,1.0,0.0,-0.9281536244392007,,1.0
condition_1,0,81,baseline_continuous_fb,2,120,1.0,1.0,0.0,2.506818700703789,,1.0
condition_1,0,82,baseline_continuous_fb,2,270,1.0,1.0,0.0,-0.8330314766036687,,1.0
condition_1,0,83,baseline_continuous_fb,2,315,1.0,1.0,0.0,3.2304369007427423,,1.0
condition_1,0,84,baseline_continuous_fb,2,150,1.0,1.0,0.0,-0.7066419295682954,,1.0
condition_1,0,85,baseline_continuous_fb,3,165,1.0,1.0,0.0,-0.5735362192163943,,1.0
condition_1,0,86,baseline_continuous_fb,3,315,1.0,1.0,0.0,-0.7281837638794555,,1.0
condition_1,0,87,baseline_continuous_fb,3,105,1.0,1.0,0.0,-0.021937616898159665,,1.0
condition_1,0,88,baseline_continuous_fb,3,135,1.0,1.0,0.0,-0.3338037213658894,,1.0
condition_1,0,89,baseline_continuous_fb,3,150,1.0,1.0,0.0,1.10085819565042,,1.0
condition_1,0,90,baseline_continuous_fb,3,0,1.0,1.0,0.0,-0.843413352178699,,1.0
condition_1,0,91,baseline_continuous_fb,3,225,1.0,1.0,0.0,-1.2867188075557483,,1.0
condition_1,0,92,baseline_continuous_fb,3,90,1.0,1.0,0.0,1.2713290030996665,,1.0
condition_1,0,93,baseline_continuous_fb,3,45,1.0,1.0,0.0,-1.14276259381801,,1.0
condition_1,0,94,baseline_continuous_fb,3,270,1.0,1.0,0.0,-0.5887858114031282,,1.0
condition_1,0,95,baseline_continuous_fb,3,120,1.0,1.0,0.0,-0.04368515271401608,,1.0
condition_1,0,96,baseline_continuous_fb,3,180,1.0,1.0,0.0,1.3466409572706184,,1.0
condition_1,0,97,baseline_continuous_fb,4,315,1.0,1.0,0.0,-0.5211574847077115,,1.0
condition_1,0,98,baseline_continuous_fb,4,135,1.0,1.0,0.0,-0.3777073129584878,,1.0
condition_1,0,99,baseline_continuous_fb,4,45,1.0,1.0,0.0,0.06280723310299464,,1.0
condition_1,0,100,baseline_continuous_fb,4,165,1.0,1.0,0.0,-0.8141201939711492,,1.0
condition_1,0,101,baseline_continuous_fb,4,225,1.0,1.0,0.0,0.15840001146756183,,1.0
condition_1,0,102,baseline_continuous_fb,4,270,1.0,1.0,0.0,-1.0257508091377994,,1.0
condition_1,0,103,baseline_continuous_fb,4,90,1.0,1.0,0.0,-0.10424742499951116,,1.0
condition_1,0,104,baseline_continuous_fb,4,180,1.0,1.0,0.0,-0.5336300420859907,,1.0
condition_1,0,105,baseline_continuous_fb,4,105,1.0,1.0,0.0,-0.4656874384633666,,1.0
condition_1,0,106,baseline_continuous_fb,4,150,1.0,1.0,0.0,-0.30664774776314374,,1.0
condition_1,0,107,baseline_continuous_fb,4,120,1.0,1.0,0.0,0.6446928059282344,,1.0
condition_1,0,108,baseline_continuous_fb,4,0,1.0,1.0,0.0,0.6580127845393612,,1.0
condition_1,0,109,baseline_continuous_fb,5,135,1.0,1.0,0.0,-0.502477510016639,,1.0
condition_1,0,110,baseline_continuous_fb,5,165,1.0,1.0,0.0,0.34123381355119536,,1.0
condition_1,0,111,baseline_continuous_fb,5,45,1.0,1.0,0.0,-0.300576263689415,,1.0
condition_1,0,112,baseline_continuous_fb,5,120,1.0,1.0,0.0,0.5680333215217223,,1.0
condition_1,0,113,baseline_continuous_fb,5,150,1.0,1.0,0.0,-1.6599765581864039,,1.0
condition_1,0,114,baseline_continuous_fb,5,105,1.0,1.0,0.0,-0.8468436256452606,,1.0
condition_1,0,115,baseline_continuous_fb,5,180,1.0,1.0,0.0,-0.8972360427024555,,1.0
condition_1,0,116,baseline_continuous_fb,5,0,1.0,1.0,0.0,1.1462520251088204,,1.0
condition_1,0,117,baseline_continuous_fb,5,90,1.0,1.0,0.0,-0.7334148618048324,,1.0
condition_1,0,118,baseline_continuous_fb,5,225,1.0,1.0,0.0,-0.18179744481196974,,1.0
condition_1,0,119,baseline_continuous_fb,5,270,1.0,1.0,0.0,-1.8580297704746378,,1.0
condition_1,0,120,baseline_continuous_fb,5,315,1.0,1.0,0.0,-0.09723467911945693,,1.0
condition_1,0,121,clamp,1,135,1.0,1.0,1.0,29.35618028362557,"The cursor feedback is now clamped.
The location of the endpoint feedback is random.
It  has nothing to do with how accurately you reach.
Please do your best to ignore the cursor feedback and continue slicing directly through the target.",1.0
condition_1,0,122,clamp,2,135,1.0,1.0,1.0,30.756858730849135,,1.0
condition_1,0,123,clamp,3,135,1.0,1.0,1.0,30.09688592965306,,1.0
condition_1,0,124,clamp,4,135,1.0,1.0,1.0,31.656413018051246,,1.0
condition_1,0,125,clamp,5,135,1.0,1.0,1.0,28.07825255933563,,1.0
condition_1,0,126,clamp,6,135,1.0,1.0,1.0,30.037785992357,,1.0
condition_1,0,127,clamp,7,135,1.0,1.0,1.0,30.863814291620127,,1.0
condition_1,0,128,clamp,8,135,1.0,1.0,1.0,30.548075849131735,,1.0
condition_1,0,129,clamp,9,135,1.0,1.0,1.0,30.948549631292682,,1.0
condition_1,0,130,clamp,10,135,1.0,1.0,1.0,29.59514260287908,,1.0
condition_1,0,131,clamp,11,135,1.0,1.0,1.0,30.764726647115136,,1.0
condition_1,0,132,clamp,12,135,1.0,1.0,1.0,30.320068649072535,,1.0
condition_1,0,133,clamp,13,135,1.0,1.0,1.0,31.29786417491805,,1.0
condition_1,0,134,clamp,14,135,1.0,1.0,1.0,28.498675291201128,,1.0
condition_1,0,135,clamp,15,135,1.0,1.0,1.0,29.696926838804124,,1.0
condition_1,0,136,clamp,16,135,1.0,1.0,1.0,29.777974788543748,,1.0
condition_1,0,137,clamp,17,135,1.0,1.0,1.0,29.927777638242386,,1.0
condition_1,0,138,clamp,18,135,1.0,1.0,1.0,30.200445393089222,,1.0
condition_1,0,139,clamp,19,135,1.0,1.0,1.0,30.357341484578573,,1.0
condition_1,0,140,clamp,20,135,1.0,1.0,1.0,30.36785287491683,,1.0
condition_1,0,141,clamp,21,135,1.0,1.0,1.0,28.48375102189251,,1.0
condition_1,0,142,clamp,22,135,1.0,1.0,1.0,29.637503468894327,,1.0
condition_1,0,143,clamp,23,135,1.0,1.0,1.0,29.19253343689048,,1.0
condition_1,0,144,clamp,24,135,1.0,1.0,1.0,29.33544267638664,,1.0
condition_1,0,145,clamp,25,135,1.0,1.0,1.0,29.86924290429241,,1.0
condition_1,0,146,clamp,26,135,1.0,1.0,1.0,30.04677332920495,,1.0
condition_1,0,147,clamp,27,135,1.0,1.0,1.0,29.819421011381777,,1.0
condition_1,0,148,clamp,28,135,1.0,1.0,1.0,30.07432385170153,,1.0
condition_1,0,149,clamp,29,135,1.0,1.0,1.0,29.659238234433527,,1.0
condition_1,0,150,clamp,30,135,1.0,1.0,1.0,30.22474264351284,,1.0
condition_1,0,151,clamp,31,135,1.0,1.0,1.0,31.532674474724267,,1.0
condition_1,0,152,clamp,32,135,1.0,1.0,1.0,29.650868013000544,,1.0
condition_1,0,153,clamp,33,135,1.0,1.0,1.0,30.790664844306573,,1.0
condition_1,0,154,clamp,34,135,1.0,1.0,1.0,29.146318693766794,,1.0
condition_1,0,155,clamp,35,135,1.0,1.0,1.0,29.529813979758192,,1.0
condition_1,0,156,clamp,36,135,1.0,1.0,1.0,28.509307705439564,,1.0
condition_1,0,157,clamp,37,135,1.0,1.0,1.0,28.152899025224226,,1.0
condition_1,0,158,clamp,38,135,1.0,1.0,1.0,29.491909990621778,,1.0
condition_1,0,159,clamp,39,135,1.0,1.0,1.0,30.568393274949372,,1.0
condition_1,0,160,clamp,40,135,1.0,1.0,1.0,31.39165331031075,,1.0
condition_1,0,161,clamp,41,135,1.0,1.0,1.0,30.508193307698512,,1.0
condition_1,0,162,clamp,42,135,1.0,1.0,1.0,29.561127701513985,,1.0
condition_1,0,163,clamp,43,135,1.0,1.0,1.0,29.7990036263884,,1.0
condition_1,0,164,clamp,44,135,1.0,1.0,1.0,31.91044245825416,,1.0
condition_1,0,165,clamp,45,135,1.0,1.0,1.0,31.092468685476128,,1.0
condition_1,0,166,clamp,46,135,1.0,1.0,1.0,29.636939610044863,,1.0
condition_1,0,167,clamp,47,135,1.0,1.0,1.0,29.976463177700726,,1.0
condition_1,0,168,clamp,48,135,1.0,1.0,1.0,30.914920933699175,,1.0
condition_1,0,169,clamp,49,135,1.0,1.0,1.0,28.80163999224275,,1.0
condition_1,0,170,clamp,50,135,1.0,1.0,1.0,30.46154765310491,,1.0
condition_1,0,171,clamp,51,135,1.0,1.0,1.0,30.70182559226835,,1.0
condition_1,0,172,clamp,52,135,1.0,1.0,1.0,30.067612155196343,,1.0
condition_1,0,173,clamp,53,135,1.0,1.0,1.0,30.659781592899932,,1.0
condition_1,0,174,clamp,54,135,1.0,1.0,1.0,30.14235334883392,,1.0
condition_1,0,175,clamp,55,135,1.0,1.0,1.0,30.13281894767955,,1.0
condition_1,0,176,clamp,56,135,1.0,1.0,1.0,29.004893960052364,,1.0
condition_1,0,177,clamp,57,135,1.0,1.0,1.0,27.900908244576634,,1.0
condition_1,0,178,clamp,58,135,1.0,1.0,1.0,29.043539435853095,,1.0
condition_1,0,179,clamp,59,135,1.0,1.0,1.0,29.909547162926785,,1.0
condition_1,0,180,clamp,60,135,1.0,1.0,1.0,31.28622753491874,,1.0
condition_1,0,181,clamp,61,135,1.0,1.0,1.0,29.28901395897274,,1.0
condition_1,0,182,clamp,62,135,1.0,1.0,1.0,30.75593804681035,,1.0
condition_1,0,183,clamp,63,135,1.0,1.0,1.0,30.67214025186776,,1.0
condition_1,0,184,clamp,64,135,1.0,1.0,1.0,29.464110748263067,,1.0
condition_1,0,185,clamp,65,135,1.0,1.0,1.0,29.38476009234011,,1.0
condition_1,0,186,clamp,66,135,1.0,1.0,1.0,29.90787493418422,,1.0
condition_1,0,187,clamp,67,135,1.0,1.0,1.0,30.94650712707566,,1.0
condition_1,0,188,clamp,68,135,1.0,1.0,1.0,30.04351000102982,,1.0
condition_1,0,189,clamp,69,135,1.0,1.0,1.0,30.796017699326246,,1.0
condition_1,0,190,clamp,70,135,1.0,1.0,1.0,29.810660488953125,,1.0
condition_1,0,191,clamp,71,135,1.0,1.0,1.0,30.28244388306157,,1.0
condition_1,0,192,clamp,72,135,1.0,1.0,1.0,27.02026770774516,,1.0
condition_1,0,193,clamp,73,135,1.0,1.0,1.0,29.690147581739733,,1.0
condition_1,0,194,clamp,74,135,1.0,1.0,1.0,29.51096439721031,,1.0
condition_1,0,195,clamp,75,135,1.0,1.0,1.0,29.3483957687933,,1.0
condition_1,0,196,clamp,76,135,1.0,1.0,1.0,30.03924759399343,,1.0
condition_1,0,197,clamp,77,135,1.0,1.0,1.0,30.31118486039925,,1.0
condition_1,0,198,clamp,78,135,1.0,1.0,1.0,31.21467322495135,,1.0
condition_1,0,199,clamp,79,135,1.0,1.0,1.0,30.48002398587256,,1.0
condition_1,0,200,clamp,80,135,1.0,1.0,1.0,29.913477090441575,,1.0
condition_1,0,201,clamp,81,135,1.0,1.0,1.0,28.817396952955068,,1.0
condition_1,0,202,clamp,82,135,1.0,1.0,1.0,29.119252640026183,,1.0
condition_1,0,203,clamp,83,135,1.0,1.0,1.0,28.49506964966188,,1.0
condition_1,0,204,clamp,84,135,1.0,1.0,1.0,30.41903825615807,,1.0
condition_1,0,205,clamp,85,135,1.0,1.0,1.0,30.90745089884155,,1.0
condition_1,0,206,clamp,86,135,1.0,1.0,1.0,28.448301695485586,,1.0
condition_1,0,207,clamp,87,135,1.0,1.0,1.0,30.553730473683743,,1.0
condition_1,0,208,clamp,88,135,1.0,1.0,1.0,30.19449969498535,,1.0
condition_1,0,209,clamp,89,135,1.0,1.0,1.0,31.09032406799467,,1.0
condition_1,0,210,clamp,90,135,1.0,1.0,1.0,29.30832225446868,,1.0
condition_1,0,211,clamp,91,135,1.0,1.0,1.0,29.55219193336398,,1.0
condition_1,0,212,clamp,92,135,1.0,1.0,1.0,29.956004357449856,,1.0
condition_1,0,213,clamp,93,135,1.0,1.0,1.0,29.201835232981573,,1.0
condition_1,0,214,clamp,94,135,1.0,1.0,1.0,30.588882719118335,,1.0
condition_1,0,215,clamp,95,135,1.0,1.0,1.0,28.035106283876157,,1.0
condition_1,0,216,clamp,96,135,1.0,1.0,1.0,28.681160140543767,,1.0
condition_1,0,217,clamp,97,135,1.0,1.0,1.0,29.25391886245923,,1.0
condition_1,0,218,clamp,98,135,1.0,1.0,1.0,30.575983436944508,,1.0
condition_1,0,219,clamp,99,135,1.0,1.0,1.0,30.4942660679216,,1.0
condition_1,0,220,clamp,100,135,1.0,1.0,1.0,31.063539648479182,,1.0
condition_1,0,221,clamp,101,135,1.0,1.0,1.0,29.841110019099403,,1.0
condition_1,0,222,clamp,102,135,1.0,1.0,1.0,31.804117824633924,,1.0
condition_1,0,223,clamp,103,135,1.0,1.0,1.0,31.032790227890402,,1.0
condition_1,0,224,clamp,104,135,1.0,1.0,1.0,31.900289429635496,,1.0
condition_1,0,225,clamp,105,135,1.0,1.0,1.0,29.952986378638407,,1.0
condition_1,0,226,clamp,106,135,1.0,1.0,1.0,31.58103702094985,,1.0
condition_1,0,227,clamp,107,135,1.0,1.0,1.0,29.063600630360796,,1.0
condition_1,0,228,clamp,108,135,1.0,1.0,1.0,29.222294588432312,,1.0
condition_1,0,229,clamp,109,135,1.0,1.0,1.0,30.824351289048597,,1.0
condition_1,0,230,clamp,110,135,1.0,1.0,1.0,29.935684735046596,,1.0
condition_1,0,231,clamp,111,135,1.0,1.0,1.0,27.901838372062286,,1.0
condition_1,0,232,clamp,112,135,1.0,1.0,1.0,30.147560215309472,,1.0
condition_1,0,233,clamp,113,135,1.0,1.0,1.0,30.807454565846918,,1.0
condition_1,0,234,clamp,114,135,1.0,1.0,1.0,27.99919101331063,,1.0
condition_1,0,235,clamp,115,135,1.0,1.0,1.0,27.972692231511033,,1.0
condition_1,0,236,clamp,116,135,1.0,1.0,1.0,29.241795111794268,,1.0
condition_1,0,237,clamp,117,135,1.0,1.0,1.0,30.365073953471313,,1.0
condition_1,0,238,clamp,118,135,1.0,1.0,1.0,28.048002004821377,,1.0
condition_1,0,239,clamp,119,135,1.0,1.0,1.0,28.418756043402325,,1.0
condition_1,0,240,clamp,120,135,1.0,1.0,1.0,30.08989313682872,,1.0
condition_1,0,241,generalisation,1,270,0.0,0.0,1.0,30.084555275795555,"You will now be asked to reach to targets that you have not yet reached to.
You will not receive feedback of any kind for these reaches.Please continue to slice through the target as quickly and accurately as possible.",1.0
condition_1,0,242,generalisation,1,105,0.0,0.0,1.0,30.34245835267893,,1.0
condition_1,0,243,generalisation,1,135,1.0,1.0,1.0,32.516835247098626,,1.0
condition_1,0,244,generalisation,1,225,0.0,0.0,1.0,30.523949476586672,,1.0
condition_1,0,245,generalisation,1,135,1.0,1.0,1.0,29.38494913412401,,1.0
condition_1,0,246,generalisation,1,135,1.0,1.0,1.0,30.292369643461313,,1.0
condition_1,0,247,generalisation,1,135,1.0,1.0,1.0,29.313515170459883,,1.0
condition_1,0,248,generalisation,1,180,0.0,0.0,1.0,30.599943290434894,,1.0
condition_1,0,249,generalisation,1,135,1.0,1.0,1.0,28.524696718956417,,1.0
condition_1,0,250,generalisation,1,135,1.0,1.0,1.0,30.486801704694084,,1.0
condition_1,0,251,generalisation,1,135,1.0,1.0,1.0,29.33534235771754,,1.0
condition_1,0,252,generalisation,1,0,0.0,0.0,1.0,31.316386800933294,,1.0
condition_1,0,253,generalisation,1,165,0.0,0.0,1.0,28.908082024907593,,1.0
condition_1,0,254,generalisation,1,45,0.0,0.0,1.0,30.024282102355567,,1.0
condition_1,0,255,generalisation,1,135,1.0,1.0,1.0,28.102476517242593,,1.0
condition_1,0,256,generalisation,1,315,0.0,0.0,1.0,32.841063862810856,,1.0
condition_1,0,257,generalisation,1,135,1.0,1.0,1.0,30.646952433389067,,1.0
condition_1,0,258,generalisation,1,120,0.0,0.0,1.0,28.98897261967674,,1.0
condition_1,0,259,generalisation,1,90,0.0,0.0,1.0,31.767590044424743,,1.0
condition_1,0,260,generalisation,1,135,1.0,1.0,1.0,29.770535423139997,,1.0
condition_1,0,261,generalisation,1,135,1.0,1.0,1.0,30.313373622337345,,1.0
condition_1,0,262,generalisation,1,150,0.0,0.0,1.0,31.04422193368284,,1.0
condition_1,0,263,generalisation,1,135,1.0,1.0,1.0,31.620451904544886,,1.0
condition_1,0,264,generalisation,2,225,0.0,0.0,1.0,28.773763586750434,,1.0
condition_1,0,265,generalisation,2,135,1.0,1.0,1.0,28.968607885982188,,1.0
condition_1,0,266,generalisation,2,90,0.0,0.0,1.0,32.2892602037562,,1.0
condition_1,0,267,generalisation,2,0,0.0,0.0,1.0,29.22176425906154,,1.0
condition_1,0,268,generalisation,2,45,0.0,0.0,1.0,28.620008718500838,,1.0
condition_1,0,269,generalisation,2,165,0.0,0.0,1.0,31.32244322700139,,1.0
condition_1,0,270,generalisation,2,135,1.0,1.0,1.0,30.330881084449373,,1.0
condition_1,0,271,generalisation,2,180,0.0,0.0,1.0,30.551229370705695,,1.0
condition_1,0,272,generalisation,2,135,1.0,1.0,1.0,30.156976648644353,,1.0
condition_1,0,273,generalisation,2,135,1.0,1.0,1.0,30.585790096270273,,1.0
condition_1,0,274,generalisation,2,135,1.0,1.0,1.0,30.298031314993015,,1.0
condition_1,0,275,generalisation,2,135,1.0,1.0,1.0,29.708826277917744,,1.0
condition_1,0,276,generalisation,2,135,1.0,1.0,1.0,29.009644489338772,,1.0
condition_1,0,277,generalisation,2,135,1.0,1.0,1.0,31.08816078094073,,1.0
condition_1,0,278,generalisation,2,105,0.0,0.0,1.0,31.26609690005931,,1.0
condition_1,0,279,generalisation,2,135,1.0,1.0,1.0,30.670371547208106,,1.0
condition_1,0,280,generalisation,2,150,0.0,0.0,1.0,29.37899349007787,,1.0
condition_1,0,281,generalisation,2,135,1.0,1.0,1.0,30.359456209102976,,1.0
condition_1,0,282,generalisation,2,315,0.0,0.0,1.0,31.066855564895658,,1.0
condition_1,0,283,generalisation,2,135,1.0,1.0,1.0,30.099513450911058,,1.0
condition_1,0,284,generalisation,2,120,0.0,0.0,1.0,30.429281756604713,,1.0
condition_1,0,285,generalisation,2,135,1.0,1.0,1.0,29.092204581325344,,1.0
condition_1,0,286,generalisation,2,270,0.0,0.0,1.0,31.70257318557026,,1.0
condition_1,0,287,generalisation,3,180,0.0,0.0,1.0,28.804899422955238,,1.0
condition_1,0,288,generalisation,3,0,0.0,0.0,1.0,29.82118396747053,,1.0
condition_1,0,289,generalisation,3,135,1.0,1.0,1.0,31.438641205758266,,1.0
condition_1,0,290,generalisation,3,315,0.0,0.0,1.0,29.817888550737468,,1.0
condition_1,0,291,generalisation,3,150,0.0,0.0,1.0,30.625008349093644,,1.0
condition_1,0,292,generalisation,3,135,1.0,1.0,1.0,29.068928762386687,,1.0
condition_1,0,293,generalisation,3,135,1.0,1.0,1.0,28.73250620796434,,1.0
condition_1,0,294,generalisation,3,135,1.0,1.0,1.0,29.640327626381097,,1.0
condition_1,0,295,generalisation,3,120,0.0,0.0,1.0,30.746842835650593,,1.0
condition_1,0,296,generalisation,3,135,1.0,1.0,1.0,29.53097667146256,,1.0
condition_1,0,297,generalisation,3,45,0.0,0.0,1.0,29.12477821268436,,1.0
condition_1,0,298,generalisation,3,90,0.0,0.0,1.0,30.299516313931136,,1.0
condition_1,0,299,generalisation,3,225,0.0,0.0,1.0,29.308297936675878,,1.0
condition_1,0,300,generalisation,3,135,1.0,1.0,1.0,29.028006468841667,,1.0
condition_1,0,301,generalisation,3,135,1.0,1.0,1.0,29.342230598006402,,1.0
condition_1,0,302,generalisation,3,135,1.0,1.0,1.0,28.907728876903953,,1.0
condition_1,0,303,generalisation,3,105,0.0,0.0,1.0,30.131668314665713,,1.0
condition_1,0,304,generalisation,3,135,1.0,1.0,1.0,29.90051889764958,,1.0
condition_1,0,305,generalisation,3,165,0.0,0.0,1.0,29.7596669198171,,1.0
condition_1,0,306,generalisation,3,135,1.0,1.0,1.0,28.247528895312026,,1.0
condition_1,0,307,generalisation,3,135,1.0,1.0,1.0,29.71715727422033,,1.0
condition_1,0,308,generalisation,3,135,1.0,1.0,1.0,27.86345528848058,,1.0
condition_1,0,309,generalisation,3,270,0.0,0.0,1.0,29.4151767571863,,1.0
condition_1,0,310,generalisation,4,150,0.0,0.0,1.0,29.945686169379623,,1.0
condition_1,0,311,generalisation,4,105,0.0,0.0,1.0,29.987828841694554,,1.0
condition_1,0,312,generalisation,4,225,0.0,0.0,1.0,29.949173206659864,,1.0
condition_1,0,313,generalisation,4,135,1.0,1.0,1.0,30.37423865714092,,1.0
condition_1,0,314,generalisation,4,135,1.0,1.0,1.0,28.891703551214164,,1.0
condition_1,0,315,generalisation,4,135,1.0,1.0,1.0,30.092819311433118,,1.0
condition_1,0,316,generalisation,4,135,1.0,1.0,1.0,30.159900639610594,,1.0
condition_1,0,317,generalisation,4,135,1.0,1.0,1.0,30.475266750448203,,1.0
condition_1,0,318,generalisation,4,180,0.0,0.0,1.0,29.242128725037233,,1.0
condition_1,0,319,generalisation,4,165,0.0,0.0,1.0,29.61830292968087,,1.0
condition_1,0,320,generalisation,4,135,1.0,1.0,1.0,31.222283087369355,,1.0
condition_1,0,321,generalisation,4,270,0.0,0.0,1.0,29.408953183730045,,1.0
condition_1,0,322,generalisation,4,90,0.0,0.0,1.0,29.50101432798737,,1.0
condition_1,0,323,generalisation,4,120,0.0,0.0,1.0,30.218879600232054,,1.0
condition_1,0,324,generalisation,4,135,1.0,1.0,1.0,29.9433188222937,,1.0
condition_1,0,325,generalisation,4,135,1.0,1.0,1.0,28.688834891427852,,1.0
condition_1,0,326,generalisation,4,45,0.0,0.0,1.0,28.747016028161386,,1.0
condition_1,0,327,generalisation,4,135,1.0,1.0,1.0,31.224117569777114,,1.0
condition_1,0,328,generalisation,4,135,1.0,1.0,1.0,29.535601832078804,,1.0
condition_1,0,329,generalisation,4,315,0.0,0.0,1.0,29.352296011776435,,1.0
condition_1,0,330,generalisation,4,135,1.0,1.0,1.0,30.94300026915949,,1.0
condition_1,0,331,generalisation,4,0,0.0,0.0,1.0,30.619492442422075,,1.0
condition_1,0,332,generalisation,4,135,1.0,1.0,1.0,31.136635773184697,,1.0
condition_1,0,333,generalisation,5,135,1.0,1.0,1.0,32.561375161182866,,1.0
condition_1,0,334,generalisation,5,135,1.0,1.0,1.0,29.010855892130657,,1.0
condition_1,0,335,generalisation,5,0,0.0,0.0,1.0,32.13964751344638,,1.0
condition_1,0,336,generalisation,5,135,1.0,1.0,1.0,29.213867046788263,,1.0
condition_1,0,337,generalisation,5,135,1.0,1.0,1.0,30.739609154258513,,1.0
condition_1,0,338,generalisation,5,135,1.0,1.0,1.0,28.30255106750489,,1.0
condition_1,0,339,generalisation,5,135,1.0,1.0,1.0,30.17482153987488,,1.0
condition_1,0,340,generalisation,5,105,0.0,0.0,1.0,29.734840602039753,,1.0
condition_1,0,341,generalisation,5,135,1.0,1.0,1.0,28.49291664902068,,1.0
condition_1,0,342,generalisation,5,120,0.0,0.0,1.0,30.763929470959436,,1.0
condition_1,0,343,generalisation,5,150,0.0,0.0,1.0,31.27813545125152,,1.0
condition_1,0,344,generalisation,5,90,0.0,0.0,1.0,30.61913829281036,,1.0
condition_1,0,345,generalisation,5,45,0.0,0.0,1.0,29.732386566124905,,1.0
condition_1,0,346,generalisation,5,180,0.0,0.0,1.0,31.721490297281537,,1.0
condition_1,0,347,generalisation,5,135,1.0,1.0,1.0,29.113241821300313,,1.0
condition_1,0,348,generalisation,5,135,1.0,1.0,1.0,29.6189978244549,,1.0
condition_1,0,349,generalisation,5,135,1.0,1.0,1.0,29.847089302948763,,1.0
condition_1,0,350,generalisation,5,165,0.0,0.0,1.0,29.85219683060029,,1.0
condition_1,0,351,generalisation,5,315,0.0,0.0,1.0,29.309619942332105,,1.0
condition_1,0,352,generalisation,5,225,0.0,0.0,1.0,29.50762705993968,,1.0
condition_1,0,353,generalisation,5,270,0.0,0.0,1.0,29.40889126897747,,1.0
condition_1,0,354,generalisation,5,135,1.0,1.0,1.0,29.041152516059533,,1.0
condition_1,0,355,generalisation,5,135,1.0,1.0,1.0,30.815289829866526,,1.0
condition_1,0,356,generalisation,6,165,0.0,0.0,1.0,31.355865922008572,,1.0
condition_1,0,357,generalisation,6,135,1.0,1.0,1.0,31.426517951297512,,1.0
condition_1,0,358,generalisation,6,135,1.0,1.0,1.0,30.193761752606246,,1.0
condition_1,0,359,generalisation,6,135,1.0,1.0,1.0,28.617392297871355,,1.0
condition_1,0,360,generalisation,6,315,0.0,0.0,1.0,29.695787438026482,,1.0
condition_1,0,361,generalisation,6,135,1.0,1.0,1.0,28.799229715003055,,1.0
condition_1,0,362,generalisation,6,90,0.0,0.0,1.0,30.868784753490136,,1.0
condition_1,0,363,generalisation,6,135,1.0,1.0,1.0,27.470459597729974,,1.0
condition_1,0,364,generalisation,6,270,0.0,0.0,1.0,27.33485230955728,,1.0
condition_1,0,365,generalisation,6,135,1.0,1.0,1.0,31.00202042620627,,1.0
condition_1,0,366,generalisation,6,135,1.0,1.0,1.0,31.045212479036486,,1.0
condition_1,0,367,generalisation,6,135,1.0,1.0,1.0,29.64515067308141,,1.0
condition_1,0,368,generalisation,6,225,0.0,0.0,1.0,29.021834420984703,,1.0
condition_1,0,369,generalisation,6,135,1.0,1.0,1.0,27.738915842235038,,1.0
condition_1,0,370,generalisation,6,45,0.0,0.0,1.0,30.241614083202464,,1.0
condition_1,0,371,generalisation,6,0,0.0,0.0,1.0,30.894089905189848,,1.0
condition_1,0,372,generalisation,6,105,0.0,0.0,1.0,30.34064747507972,,1.0
condition_1,0,373,generalisation,6,135,1.0,1.0,1.0,28.79567352446604,,1.0
condition_1,0,374,generalisation,6,180,0.0,0.0,1.0,31.01656146904344,,1.0
condition_1,0,375,generalisation,6,120,0.0,0.0,1.0,29.40130902356312,,1.0
condition_1,0,376,generalisation,6,150,0.0,0.0,1.0,29.202463323364775,,1.0
condition_1,0,377,generalisation,6,135,1.0,1.0,1.0,29.591034049376084,,1.0
condition_1,0,378,generalisation,6,135,1.0,1.0,1.0,30.196221321353864,,1.0
condition_1,0,379,generalisation,7,165,0.0,0.0,1.0,29.086300787405694,,1.0
condition_1,0,380,generalisation,7,135,1.0,1.0,1.0,29.226643890563782,,1.0
condition_1,0,381,generalisation,7,135,1.0,1.0,1.0,30.03849396959138,,1.0
condition_1,0,382,generalisation,7,180,0.0,0.0,1.0,30.329857469995783,,1.0
condition_1,0,383,generalisation,7,225,0.0,0.0,1.0,28.677213685506505,,1.0
condition_1,0,384,generalisation,7,135,1.0,1.0,1.0,28.8764695590256,,1.0
condition_1,0,385,generalisation,7,135,1.0,1.0,1.0,28.55401856701729,,1.0
condition_1,0,386,generalisation,7,105,0.0,0.0,1.0,29.25700208177079,,1.0
condition_1,0,387,generalisation,7,150,0.0,0.0,1.0,30.582722737993272,,1.0
condition_1,0,388,generalisation,7,270,0.0,0.0,1.0,28.71404725541927,,1.0
condition_1,0,389,generalisation,7,135,1.0,1.0,1.0,30.610452777418168,,1.0
condition_1,0,390,generalisation,7,45,0.0,0.0,1.0,29.45809921956921,,1.0
condition_1,0,391,generalisation,7,135,1.0,1.0,1.0,28.8826956043431,,1.0
condition_1,0,392,generalisation,7,90,0.0,0.0,1.0,29.310040632182467,,1.0
condition_1,0,393,generalisation,7,120,0.0,0.0,1.0,28.61110480612876,,1.0
condition_1,0,394,generalisation,7,135,1.0,1.0,1.0,30.114372830310977,,1.0
condition_1,0,395,generalisation,7,135,1.0,1.0,1.0,28.459999742283323,,1.0
condition_1,0,396,generalisation,7,0,0.0,0.0,1.0,31.57055797384584,,1.0
condition_1,0,397,generalisation,7,135,1.0,1.0,1.0,31.334078515334312,,1.0
condition_1,0,398,generalisation,7,315,0.0,0.0,1.0,29.922136871080784,,1.0
condition_1,0,399,generalisation,7,135,1.0,1.0,1.0,29.929070820677612,,1.0
condition_1,0,400,generalisation,7,135,1.0,1.0,1.0,30.33670438954758,,1.0
condition_1,0,401,generalisation,7,135,1.0,1.0,1.0,30.226624033226578,,1.0
condition_1,0,402,generalisation,8,135,1.0,1.0,1.0,30.247576631904145,,1.0
condition_1,0,403,generalisation,8,135,1.0,1.0,1.0,30.91543557577956,,1.0
condition_1,0,404,generalisation,8,135,1.0,1.0,1.0,30.097338776387375,,1.0
condition_1,0,405,generalisation,8,225,0.0,0.0,1.0,31.34525226228051,,1.0
condition_1,0,406,generalisation,8,135,1.0,1.0,1.0,29.65653638247809,,1.0
condition_1,0,407,generalisation,8,135,1.0,1.0,1.0,29.645556246751795,,1.0
condition_1,0,408,generalisation,8,45,0.0,0.0,1.0,29.22389789595792,,1.0
condition_1,0,409,generalisation,8,135,1.0,1.0,1.0,29.232365242651635,,1.0
condition_1,0,410,generalisation,8,315,0.0,0.0,1.0,29.53540845751525,,1.0
condition_1,0,411,generalisation,8,90,0.0,0.0,1.0,31.391224176748022,,1.0
condition_1,0,412,generalisation,8,135,1.0,1.0,1.0,30.244576444457394,,1.0
condition_1,0,413,generalisation,8,270,0.0,0.0,1.0,28.939563684935802,,1.0
condition_1,0,414,generalisation,8,120,0.0,0.0,1.0,28.209218271196708,,1.0
condition_1,0,415,generalisation,8,135,1.0,1.0,1.0,30.72436461733412,,1.0
condition_1,0,416,generalisation,8,135,1.0,1.0,1.0,28.781219143959298,,1.0
condition_1,0,417,generalisation,8,135,1.0,1.0,1.0,28.47446963857994,,1.0
condition_1,0,418,generalisation,8,135,1.0,1.0,1.0,30.180129272102814,,1.0
condition_1,0,419,generalisation,8,135,1.0,1.0,1.0,28.924771871705072,,1.0
condition_1,0,420,generalisation,8,150,0.0,0.0,1.0,29.764399211995414,,1.0
condition_1,0,421,generalisation,8,0,0.0,0.0,1.0,28.86093246248577,,1.0
condition_1,0,422,generalisation,8,165,0.0,0.0,1.0,28.58211890667363,,1.0
condition_1,0,423,generalisation,8,180,0.0,0.0,1.0,28.46123294908917,,1.0
condition_1,0,424,generalisation,8,105,0.0,0.0,1.0,31.235235694237044,,1.0
condition_1,0,425,generalisation,9,225,0.0,0.0,1.0,29.87278380124913,,1.0
condition_1,0,426,generalisation,9,120,0.0,0.0,1.0,30.848491307622922,,1.0
condition_1,0,427,generalisation,9,150,0.0,0.0,1.0,30.770215966316247,,1.0
condition_1,0,428,generalisation,9,165,0.0,0.0,1.0,30.6793677938959,,1.0
condition_1,0,429,generalisation,9,135,1.0,1.0,1.0,28.739736848036426,,1.0
condition_1,0,430,generalisation,9,135,1.0,1.0,1.0,29.463997128723143,,1.0
condition_1,0,431,generalisation,9,45,0.0,0.0,1.0,28.26425462387933,,1.0
condition_1,0,432,generalisation,9,315,0.0,0.0,1.0,30.945509788563065,,1.0
condition_1,0,433,generalisation,9,135,1.0,1.0,1.0,30.48319958287043,,1.0
condition_1,0,434,generalisation,9,270,0.0,0.0,1.0,30.936593955534683,,1.0
condition_1,0,435,generalisation,9,135,1.0,1.0,1.0,29.54687066054701,,1.0
condition_1,0,436,generalisation,9,135,1.0,1.0,1.0,29.852916159277527,,1.0
condition_1,0,437,generalisation,9,135,1.0,1.0,1.0,29.960290819598125,,1.0
condition_1,0,438,generalisation,9,105,0.0,0.0,1.0,30.880996924099158,,1.0
condition_1,0,439,generalisation,9,135,1.0,1.0,1.0,31.147189001871254,,1.0
condition_1,0,440,generalisation,9,0,0.0,0.0,1.0,30.791319582367237,,1.0
condition_1,0,441,generalisation,9,180,0.0,0.0,1.0,31.035658484491954,,1.0
condition_1,0,442,generalisation,9,135,1.0,1.0,1.0,30.008666103598777,,1.0
condition_1,0,443,generalisation,9,90,0.0,0.0,1.0,30.065770691426422,,1.0
condition_1,0,444,generalisation,9,135,1.0,1.0,1.0,30.57203848625438,,1.0
condition_1,0,445,generalisation,9,135,1.0,1.0,1.0,28.851322821775423,,1.0
condition_1,0,446,generalisation,9,135,1.0,1.0,1.0,28.740897792884926,,1.0
condition_1,0,447,generalisation,9,135,1.0,1.0,1.0,29.544258070980867,,1.0
condition_1,0,448,generalisation,10,0,0.0,0.0,1.0,30.64655351013883,,1.0
condition_1,0,449,generalisation,10,135,1.0,1.0,1.0,30.09373800484938,,1.0
condition_1,0,450,generalisation,10,135,1.0,1.0,1.0,30.858082267058034,,1.0
condition_1,0,451,generalisation,10,135,1.0,1.0,1.0,29.254237060785414,,1.0
condition_1,0,452,generalisation,10,135,1.0,1.0,1.0,31.88975425304959,,1.0
condition_1,0,453,generalisation,10,135,1.0,1.0,1.0,30.516439995104395,,1.0
condition_1,0,454,generalisation,10,135,1.0,1.0,1.0,30.02225475196529,,1.0
condition_1,0,455,generalisation,10,135,1.0,1.0,1.0,29.381920555695817,,1.0
condition_1,0,456,generalisation,10,180,0.0,0.0,1.0,28.970622545790665,,1.0
condition_1,0,457,generalisation,10,45,0.0,0.0,1.0,29.37427701069914,,1.0
condition_1,0,458,generalisation,10,90,0.0,0.0,1.0,31.847741362791474,,1.0
condition_1,0,459,generalisation,10,135,1.0,1.0,1.0,29.608157620380513,,1.0
condition_1,0,460,generalisation,10,105,0.0,0.0,1.0,29.891630034295297,,1.0
condition_1,0,461,generalisation,10,135,1.0,1.0,1.0,28.19375594094285,,1.0
condition_1,0,462,generalisation,10,270,0.0,0.0,1.0,29.830333893335123,,1.0
condition_1,0,463,generalisation,10,315,0.0,0.0,1.0,30.673202828922104,,1.0
condition_1,0,464,generalisation,10,135,1.0,1.0,1.0,31.271500795342927,,1.0
condition_1,0,465,generalisation,10,165,0.0,0.0,1.0,28.851688387566664,,1.0
condition_1,0,466,generalisation,10,225,0.0,0.0,1.0,29.266233394290563,,1.0
condition_1,0,467,generalisation,10,135,1.0,1.0,1.0,30.76670475835824,,1.0
condition_1,0,468,generalisation,10,150,0.0,0.0,1.0,29.36789596557204,,1.0
condition_1,0,469,generalisation,10,120,0.0,0.0,1.0,28.591485712257654,,1.0
condition_1,0,470,generalisation,10,135,1.0,1.0,1.0,29.376213508702666,,1.0
condition_1,0,471,washout_no_fb,1,315,0.0,0.0,0.0,1.5027680178260312,You will not receive feedback of any kind for the following reaches.Please continue to slice through the target as quickly and accurately as possible.,1.0
condition_1,0,472,washout_no_fb,1,90,0.0,0.0,0.0,-1.2070612894852344,,1.0
condition_1,0,473,washout_no_fb,1,0,0.0,0.0,0.0,1.0861377345491103,,1.0
condition_1,0,474,washout_no_fb,1,225,0.0,0.0,0.0,-1.4280416986177091,,1.0
condition_1,0,475,washout_no_fb,1,135,0.0,0.0,0.0,-0.32510792400182403,,1.0
condition_1,0,476,washout_no_fb,1,120,0.0,0.0,0.0,0.33618155914979786,,1.0
condition_1,0,477,washout_no_fb,1,45,0.0,0.0,0.0,0.15151491028078465,,1.0
condition_1,0,478,washout_no_fb,1,150,0.0,0.0,0.0,0.9596736659626863,,1.0
condition_1,0,479,washout_no_fb,1,105,0.0,0.0,0.0,0.9613916068270263,,1.0
condition_1,0,480,washout_no_fb,1,270,0.0,0.0,0.0,-0.5058216213418903,,1.0
condition_1,0,481,washout_no_fb,1,180,0.0,0.0,0.0,-0.41739346766572694,,1.0
condition_1,0,482,washout_no_fb,1,165,0.0,0.0,0.0,-0.9585035659378044,,1.0
condition_1,0,483,washout_no_fb,2,165,0.0,0.0,0.0,0.20144943435905105,,1.0
condition_1,0,484,washout_no_fb,2,45,0.0,0.0,0.0,-1.21428723304023,,1.0
condition_1,0,485,washout_no_fb,2,180,0.0,0.0,0.0,-0.52447715128206,,1.0
condition_1,0,486,washout_no_fb,2,120,0.0,0.0,0.0,-0.09186825706033983,,1.0
condition_1,0,487,washout_no_fb,2,225,0.0,0.0,0.0,0.9270970466828978,,1.0
condition_1,0,488,washout_no_fb,2,0,0.0,0.0,0.0,0.40189747435704654,,1.0
condition_1,0,489,washout_no_fb,2,315,0.0,0.0,0.0,-0.8490970257800361,,1.0
condition_1,0,490,washout_no_fb,2,270,0.0,0.0,0.0,-0.6426452953996123,,1.0
condition_1,0,491,washout_no_fb,2,105,0.0,0.0,0.0,0.8312380664037715,,1.0
condition_1,0,492,washout_no_fb,2,90,0.0,0.0,0.0,-0.8207195869610389,,1.0
condition_1,0,493,washout_no_fb,2,135,0.0,0.0,0.0,0.13344991483322527,,1.0
condition_1,0,494,washout_no_fb,2,150,0.0,0.0,0.0,-1.0105853574370398,,1.0
condition_1,0,495,washout_no_fb,3,45,0.0,0.0,0.0,0.7828814287184042,,1.0
condition_1,0,496,washout_no_fb,3,135,0.0,0.0,0.0,0.8189614080276344,,1.0
condition_1,0,497,washout_no_fb,3,315,0.0,0.0,0.0,0.8851982835302479,,1.0
condition_1,0,498,washout_no_fb,3,105,0.0,0.0,0.0,-0.9318754807595974,,1.0
condition_1,0,499,washout_no_fb,3,90,0.0,0.0,0.0,-1.5786446295631014,,1.0
condition_1,0,500,washout_no_fb,3,270,0.0,0.0,0.0,0.08384112481531879,,1.0
condition_1,0,501,washout_no_fb,3,165,0.0,0.0,0.0,1.2473132380371423,,1.0
condition_1,0,502,washout_no_fb,3,120,0.0,0.0,0.0,0.8112793815298011,,1.0
condition_1,0,503,washout_no_fb,3,225,0.0,0.0,0.0,-0.635918543238028,,1.0
condition_1,0,504,washout_no_fb,3,180,0.0,0.0,0.0,0.0067178909022588005,,1.0
condition_1,0,505,washout_no_fb,3,0,0.0,0.0,0.0,-0.4836608625541951,,1.0
condition_1,0,506,washout_no_fb,3,150,0.0,0.0,0.0,-0.8103064412680364,,1.0
condition_1,0,507,washout_no_fb,4,0,0.0,0.0,0.0,0.02403147148340441,,1.0
condition_1,0,508,washout_no_fb,4,120,0.0,0.0,0.0,1.4862912023932826,,1.0
condition_1,0,509,washout_no_fb,4,165,0.0,0.0,0.0,-0.28763256208089355,,1.0
condition_1,0,510,washout_no_fb,4,90,0.0,0.0,0.0,-0.8055155214299666,,1.0
condition_1,0,511,washout_no_fb,4,45,0.0,0.0,0.0,-1.262170412449357,,1.0
condition_1,0,512,washout_no_fb,4,150,0.0,0.0,0.0,0.2716728479477664,,1.0
condition_1,0,513,washout_no_fb,4,135,0.0,0.0,0.0,1.2482482275812679,,1.0
condition_1,0,514,washout_no_fb,4,225,0.0,0.0,0.0,0.998059669293233,,1.0
condition_1,0,515,washout_no_fb,4,180,0.0,0.0,0.0,-0.2858103805742831,,1.0
condition_1,0,516,washout_no_fb,4,315,0.0,0.0,0.0,-0.029958734425906623,,1.0
condition_1,0,517,washout_no_fb,4,105,0.0,0.0,0.0,0.32506977031870055,,1.0
condition_1,0,518,washout_no_fb,4,270,0.0,0.0,0.0,1.567625732909776,,1.0
condition_1,0,519,washout_no_fb,5,180,0.0,0.0,0.0,-1.4042680311332127,,1.0
condition_1,0,520,washout_no_fb,5,0,0.0,0.0,0.0,0.47649873251723335,,1.0
condition_1,0,521,washout_no_fb,5,105,0.0,0.0,0.0,1.5761624427346619,,1.0
condition_1,0,522,washout_no_fb,5,120,0.0,0.0,0.0,-0.8102958222841096,,1.0
condition_1,0,523,washout_no_fb,5,225,0.0,0.0,0.0,0.3550523978646373,,1.0
condition_1,0,524,washout_no_fb,5,315,0.0,0.0,0.0,0.09575806488863073,,1.0
condition_1,0,525,washout_no_fb,5,135,0.0,0.0,0.0,0.45518382169242905,,1.0
condition_1,0,526,washout_no_fb,5,45,0.0,0.0,0.0,-1.299456845509702,,1.0
condition_1,0,527,washout_no_fb,5,90,0.0,0.0,0.0,-0.12007599848708923,,1.0
condition_1,0,528,washout_no_fb,5,150,0.0,0.0,0.0,0.2963207196917715,,1.0
condition_1,0,529,washout_no_fb,5,270,0.0,0.0,0.0,-0.5148234815463978,,1.0
condition_1,0,530,washout_no_fb,5,165,0.0,0.0,0.0,-0.3218515047251931,,1.0
condition_1,0,531,washout_fb,1,270,1.0,1.0,0.0,0.8473828095472905,"You will now only see the cursor throughout your entire reach.
Please continue to slice through the target as quickly and accurately as possible.",1.0
condition_1,0,532,washout_fb,1,0,1.0,1.0,0.0,0.5675282932396295,,1.0
condition_1,0,533,washout_fb,1,90,1.0,1.0,0.0,0.8485238569574496,,1.0
condition_1,0,534,washout_fb,1,165,1.0,1.0,0.0,1.106162065912365,,1.0
condition_1,0,535,washout_fb,1,225,1.0,1.0,0.0,-0.5072307297312961,,1.0
condition_1,0,536,washout_fb,1,45,1.0,1.0,0.0,0.8574925205499843,,1.0
condition_1,0,537,washout_fb,1,135,1.0,1.0,0.0,-0.31360141343362935,,1.0
condition_1,0,538,washout_fb,1,105,1.0,1.0,0.0,0.18737376638933584,,1.0
condition_1,0,539,washout_fb,1,180,1.0,1.0,0.0,1.4009133770011537,,1.0
condition_1,0,540,washout_fb,1,150,1.0,1.0,0.0,1.1748581592492284,,1.0
condition_1,0,541,washout_fb,1,120,1.0,1.0,0.0,0.1141044300445423,,1.0
condition_1,0,542,washout_fb,1,315,1.0,1.0,0.0,0.4041574872676391,,1.0
condition_1,0,543,washout_fb,2,315,1.0,1.0,0.0,0.3035080490550319,,1.0
condition_1,0,544,washout_fb,2,150,1.0,1.0,0.0,-0.9795801909362845,,1.0
condition_1,0,545,washout_fb,2,135,1.0,1.0,0.0,-0.23433702099391657,,1.0
condition_1,0,546,washout_fb,2,45,1.0,1.0,0.0,1.4072237240239895,,1.0
condition_1,0,547,washout_fb,2,225,1.0,1.0,0.0,-0.3247001135690735,,1.0
condition_1,0,548,washout_fb,2,90,1.0,1.0,0.0,1.4687986183195687,,1.0
condition_1,0,549,washout_fb,2,165,1.0,1.0,0.0,-1.4430816265832997,,1.0
condition_1,0,550,washout_fb,2,105,1.0,1.0,0.0,-1.5029752278364195,,1.0
condition_1,0,551,washout_fb,2,120,1.0,1.0,0.0,0.7337823526671212,,1.0
condition_1,0,552,washout_fb,2,180,1.0,1.0,0.0,-0.7488823923437945,,1.0
condition_1,0,553,washout_fb,2,270,1.0,1.0,0.0,-1.2499028710688704,,1.0
condition_1,0,554,washout_fb,2,0,1.0,1.0,0.0,0.353082771857456,,1.0
condition_1,0,555,washout_fb,3,150,1.0,1.0,0.0,-2.1076284856598813,,1.0
condition_1,0,556,washout_fb,3,105,1.0,1.0,0.0,-0.8448256826992498,,1.0
condition_1,0,557,washout_fb,3,315,1.0,1.0,0.0,0.9893408273878604,,1.0
condition_1,0,558,washout_fb,3,180,1.0,1.0,0.0,0.35674312915957324,,1.0
condition_1,0,559,washout_fb,3,120,1.0,1.0,0.0,0.6586611941533365,,1.0
condition_1,0,560,washout_fb,3,90,1.0,1.0,0.0,0.8410070425807754,,1.0
condition_1,0,561,washout_fb,3,135,1.0,1.0,0.0,1.6735188808650576,,1.0
condition_1,0,562,washout_fb,3,270,1.0,1.0,0.0,1.275762815882003,,1.0
condition_1,0,563,washout_fb,3,45,1.0,1.0,0.0,-0.8171515173624604,,1.0
condition_1,0,564,washout_fb,3,0,1.0,1.0,0.0,-1.3888625356918263,,1.0
condition_1,0,565,washout_fb,3,165,1.0,1.0,0.0,0.20530615306805686,,1.0
condition_1,0,566,washout_fb,3,225,1.0,1.0,0.0,-1.119038498921711,,1.0
condition_1,0,567,washout_fb,4,225,1.0,1.0,0.0,0.8514444027687411,,1.0
condition_1,0,568,washout_fb,4,120,1.0,1.0,0.0,0.6810354479975552,,1.0
condition_1,0,569,washout_fb,4,165,1.0,1.0,0.0,1.1504181382089307,,1.0
condition_1,0,570,washout_fb,4,315,1.0,1.0,0.0,0.32690854096312255,,1.0
condition_1,0,571,washout_fb,4,45,1.0,1.0,0.0,1.0828413448797995,,1.0
condition_1,0,572,washout_fb,4,150,1.0,1.0,0.0,0.07892329168205389,,1.0
condition_1,0,573,washout_fb,4,105,1.0,1.0,0.0,-2.1003873899275107,,1.0
condition_1,0,574,washout_fb,4,0,1.0,1.0,0.0,-0.6449386818671373,,1.0
condition_1,0,575,washout_fb,4,270,1.0,1.0,0.0,-1.2708726888048887,,1.0
condition_1,0,576,washout_fb,4,90,1.0,1.0,0.0,0.5547009870091536,,1.0
condition_1,0,577,washout_fb,4,180,1.0,1.0,0.0,0.6555115893735431,,1.0
condition_1,0,578,washout_fb,4,135,1.0,1.0,0.0,-0.49294708989412456,,1.0
condition_1,0,579,washout_fb,5,135,1.0,1.0,0.0,-0.33502452658867665,,1.0
condition_1,0,580,washout_fb,5,105,1.0,1.0,0.0,-0.664760733666475,,1.0
condition_1,0,581,washout_fb,5,120,1.0,1.0,0.0,-0.06139241372774054,,1.0
condition_1,0,582,washout_fb,5,315,1.0,1.0,0.0,-1.6345913845555535,,1.0
condition_1,0,583,washout_fb,5,270,1.0,1.0,0.0,0.321295616269981,,1.0
condition_1,0,584,washout_fb,5,90,1.0,1.0,0.0,-0.28817549599910486,,1.0
condition_1,0,585,washout_fb,5,150,1.0,1.0,0.0,-0.0833583691843771,,1.0
condition_1,0,586,washout_fb,5,180,1.0,1.0,0.0,1.708489588453614,,1.0
condition_1,0,587,washout_fb,5,165,1.0,1.0,0.0,-0.8131732526617906,,1.0
condition_1,0,588,washout_fb,5,45,1.0,1.0,0.0,0.06816809245086752,,1.0
condition_1,0,589,washout_fb,5,0,1.0,1.0,0.0,-0.32789529341764373,,1.0
condition_1,0,590,washout_fb,5,225,1.0,1.0,0.0,-1.6532395909411017,,1.0
